INC001,1672531200000,Open,101,Incident description 1
INC002,1672617600000,In Progress,515750525,Incident description 2
INC003,1672704000000,Resolved,515750525,Incident description 3
INC004,1672790400000,Closed,708779857,Incident description 4
INC005,1672876800000,Open,1274197593,Incident description 5
INC006,1672963200000,In Progress,1331729926,Incident description 6
INC007,1673049600000,Resolved,1274197593,Incident description 7
INC008,1673136000000,Closed,1331729926,Incident description 8
INC009,1673222400000,Open,11,Incident description 9
INC010,1673308800000,In Progress,1274197593,Incident description 10
