Alice,Smith,alice.smith@example.com,123-456-7890
Bob,Johnson,bob.johnson@example.com,234-567-8901
Charlie,Brown,charlie.brown@example.com,345-678-9012
David,White,david.white@example.com,456-789-0123
Emma,Green,emma.green@example.com,567-890-1234
Alice2,Smith,alice.smith@example.com,123-456-7890
Bob2,Johnson,bob.johnson@example.com,234-567-8901
Charlie2,Brown,charlie.brown@example.com,345-678-9012
David2,White,david.white@example.com,456-789-0123
Emma2,Green,emma.green@example.com,567-890-1234
Alice3,Smith,alice.smith@example.com,123-456-7890
Bob3,Johnson,bob.johnson@example.com,234-567-8901
Charlie3,Brown,charlie.brown@example.com,345-678-9012
David3,White,david.white@example.com,456-789-0123
Emma3,Green,emma.green@example.com,567-890-1234
